<?xml version="1.0" encoding="UTF-8"?><?xml-stylesheet type='text/xsl' href='_UpgradeReport_Files/UpgradeReport.xslt'?><UpgradeLog>
<Properties><Property Name="Solution" Value="libelf">
</Property><Property Name="Solution File" Value="C:\Users\Alex\Documents\Software\ARM\libelf-1\VC\libelf.sln">
</Property><Property Name="Date" Value="Wednesday, November 29, 2017">
</Property><Property Name="Time" Value="13:52 PM">
</Property></Properties><Event ErrorLevel="0" Project="" Source="libelf.sln" Description="File successfully backed up as C:\Users\Alex\Documents\Software\ARM\libelf-1\VC\libelf.sln.old">
</Event><Event ErrorLevel="0" Project="libelf" Source="libelf.vcproj" Description="Converting project file 'C:\Users\Alex\Documents\Software\ARM\libelf-1\VC\libelf.vcproj'.">
</Event><Event ErrorLevel="1" Project="libelf" Source="libelf.vcproj" Description="VCWebServiceProxyGeneratorTool is no longer supported. The tool has been removed from your project settings.">
</Event><Event ErrorLevel="1" Project="libelf" Source="libelf.vcproj" Description="Attribute 'Detect64BitPortabilityProblems' of 'VCCLCompilerTool' is not supported in this version and has been removed during conversion.">
</Event><Event ErrorLevel="1" Project="libelf" Source="libelf.vcproj" Description="MSB8012: $(TargetName) ('libelf') does not match the Linker's OutputFile property value 'C:\Users\Alex\Documents\Software\ARM\libelf-1\VC\Debug\libelfd.dll' ('libelfd') in project configuration 'Debug|Win32'. This may cause your project to build incorrectly. To correct this, please make sure that $(TargetName) property value matches the value specified in %(Link.OutputFile).">
</Event><Event ErrorLevel="1" Project="libelf" Source="libelf.vcproj" Description="MSB8012: $(TargetPath) ('C:\Users\Alex\Documents\Software\ARM\libelf-1\VC\Debug\libelf.dll') does not match the Linker's OutputFile property value 'C:\Users\Alex\Documents\Software\ARM\libelf-1\VC\Debug\libelfd.dll' ('C:\Users\Alex\Documents\Software\ARM\libelf-1\VC\Debug\libelfd.dll') in project configuration 'Debug|Win32'. This may cause your project to build incorrectly. To correct this, please make sure that $(TargetPath) property value matches the value specified in %(Link.OutputFile).">
</Event><Event ErrorLevel="0" Project="libelf" Source="libelf.vcproj" Description="Done converting to new project file 'C:\Users\Alex\Documents\Software\ARM\libelf-1\VC\libelf.vcxproj'.">
</Event><Event ErrorLevel="3" Project="libelf" Source="libelf.vcproj" Description="Converted">
</Event><Event ErrorLevel="0" Project="" Source="libelf.sln" Description="Solution converted successfully">
</Event><Event ErrorLevel="3" Project="" Source="libelf.sln" Description="Converted">
</Event></UpgradeLog>